,PDB_ID,Protein_Name,UniProt_Accession,GO,Resolution,Protein_Chain,Protein_Fasta,Glycoligand_chain,Glycoligand_IUPAC,Glycoligand_SMILES,,Secondary Ligand,Secondary Ligand Chain,SMILES
,,,,,,,,,,,,,,
,,,,,,,,,,,,,,
,,,,,,,,,,,,,,
,,,,,,,,,,,,,,
,7BLG,Carbohydrate-binding protein,Q8A3D9,,1.18,A,MGSSHHHHHHSSGPQQGLRKGDIKIKIVSGTASSFQSGSNIEKSFDGDYSTLYHSSWSNGASNYFPITLTYNFETVTDVDYLIYHPRNNGNNGRFKETEIQYSADGHTFTKLIDKDFQGSATAGKVTFDQTIQAKSFRFIVKSGSGDGQGFASCAEMEFFAK,B,Gal,O1C(O)[C@H](O)[C@@H](O)[C@@H](O)[C@H]1CO,,,,
,7en5,HTH-type transcriptional regulator MurR,P77245,,1.25,A,SITSDDSLEVIARKLNREKELALEQTCALLDYARLQKIIEVISKAPFIQITGLGGSALVGRDLSFKLMKIGYRVACEADTHVQATVSQALKKGDVQIAISYSGSKKEIVLCAEAARKQGATVIAITSLTDSPLRRLAHFTLDTVSGETEWRSSSMSTRTAQNSVTDLLFVGLVQLNDVESLKMIQRSSELTQRLK,B,MurNAc,O1C(O)[C@H](NC(C)=O)[C@@H](O[C@H](C)C(=O)O)[C@H](O)[C@H]1CO,,,,
,7vi7,beta-N-acetylhexosaminidase,B2UPP0,,2,A,MLPALIGISGHEVGAEEEAAIRRLQPAGFILFSRNIDSVEQVRGLTESLRKLCLHHPVIAVDQEGGRVVRTASLGLNLPSPASLARLGSVGGIVELGAVTALALRYLGVNLNFAPVLDICHDPSAANALPGRCWGDNAQDVISRGGVYASNLRRGGVQSCGKHFPGMGRALADPHFSLPVIGLDERELFKTDLLPFLALCPALSSIMSAHIMLPQIDPDYPATLSERVIRGLLRDRLGFRGVVFTDDLCMGAITTQYSPDDAAFLSLKAGCDLPLICHDPLPWLDGLASRQESLNAYDRWDSFKRVEKLSDSLCFPFPEKASLWDSCLRRAEALCRLEEDGREKLPSSPVQKYLEHHHHHH,C,GlcNAc,O1C(O)[C@H](NC(C)=O)[C@@H](O)[C@H](O)[C@H]1CO,,,,
3 body,7w11,Glycosyltransferase,A0A385Z7H9,,2.45,A,GSHMGTIEISSPSKTHILAFPFPEKGHINPMLHLCNRLASKGFRVTLITTISTYKDVKNKIKCKSKGGLINLESIPDGTDKNLGMNGYFNQFKNSVTESVAGIIEEYKLGHDFPPPKVLIYDSTMPWMLDVAHGHGILGASLFTQPCCVSVVYYHMLQGTIDFHREQSSSSKVLLLPCLPPLEDRDLPEFDYFKEDSGFVSNLLLNQFLNIDKIDYVLFNTFEMLESEIANWMSNKWKILTIGPTAPTAAAAAAANNYLFETNTEVCMKWLDEREPNSVIYVSFGSIASLTEQQMEEISQALFTTNFNFLWVVREEERTKLPNCLNNNNNNNNNPSSESFTTAAGKLGLIINWCPQLDVLRHESVACFMTHCGWNSTLEAISSGVPMICVPQWVDQTTNAKFIQDVWKIGVRVNNNNGENGGLVKKEEIERCIKEVCESEKGKELKRNAMKWKDLSKEAVSEGGSSDTNLEYFASTLLFY,C,Glc,O1C(O)[C@H](O)[C@@H](O)[C@H](O)[C@H]1CO,,UDP,B,C1=CN(C(=O)NC1=O)[C@H]2[C@@H]([C@@H]([C@H](O2)COP(=O)([O-])OP(=O)([O-])[O-])O)O
,8ad2,Nictaba,Q94EW1,,2,A,MGQGQWIAARDLSITWVDNPQYWTWKTVDPNIEVAELRRVAWLDIYGKIETKNLIRKTSYAVYLVFKLTDNPRELERATASLRFVNEVAEGAGIEGTTVFISKKKKLPGELGRFPHLRSDGWLEIKLGEFFNNLGEDGEVEMRLMEINDKTWKSGIIVKGFDIRPN,I,GlcNAc(b1-4)GlcNAc(b1-4)GlcNAc(b1-4)GlcNAc(b1-4)GlcNAc,O1C(O)[C@H](NC(C)=O)[C@@H](O)[C@H](O[C@@H]2O[C@H](CO)[C@@H](O[C@@H]3O[C@H](CO)[C@@H](O[C@@H]4O[C@H](CO)[C@@H](O[C@@H]5O[C@H](CO)[C@@H](O)[C@H](O)[C@H]5NC(C)=O)[C@H](O)[C@H]4NC(C)=O)[C@H](O)[C@H]3NC(C)=O)[C@H](O)[C@H]2NC(C)=O)[C@H]1CO,,,,
,,,,,,,,,,,,,,
,7eqr,Chitoporin,L0RVU0,,2.75,B,EVYGIIAMQAAYRDYDSGDAKQDDNLGGMQLNNESRIGFRGKKQFANFEPTFIWQIEGGYVDPSFGGEGAGLGERDTFVGFESASWGQVRLGRVLTPMYELVDWPASNPGLGDVYDWGGAIGGAKYQDRQSNTIRWDSPMYADKFSIDAAVGAGDKAGLGAGDDYWGGIAAHYKLGPLQLDAAYEGNRNIEAEGQTWENNTYLVGVQGWFENGISFFAQYKYMEADASNGVNEKQDAMSAGLMYTTGDWQYKLGYAANFDLERDGKTLSNTSDDVVSAQIMYFVDPSAVLYARARMNDFNEGLDGLDDAARWTSGTNGDYNEYSVGVEYYF,H,GlcNAc(b1-4)GlcNAc(b1-4)GlcNAc(b1-4)GlcNAc(b1-4)GlcNAc(b1-4)GlcNAc(b1-4)GlcNAc(b1-4)GlcNAc(b1-4)GlcNAc,,,,,
,7exo,Uncharacterized protein MJ1396 (putative L-type lectin),Q58791,,1.75,A,FTPINSSQWIANGNASIFPDKLLLTTDDYGEAGSVWYYKPVNLSEDLVVEFYAYLGDNPDGADGITFTLQSLGTNELGGTGGDLGYGGISPSVAVEVDTWLNDFDAPATTDHIAIDVNGNINHTYNSLTYPTPNPYDLGNVEDGREHLIKIVWNATTKTLQVYFDGNLSLTWNKDITQIIGNSAYFGFTGGTGGAKNLQYVKPIYVKNG,C,Man,O1C(O)[C@@H](O)[C@@H](O)[C@H](O)[C@H]1CO,,,,
,7exj,Probable galactinol--sucrose galactosyltransferase 6,Q8RX87,,2.47,A,MTIKPAVRISDGNLIIKNRTILTGVPDNVITTSASEAGPVEGVFVGAVFNKEESKHIVPIGTLRNSRFMSCFRFKLWWMAQRMGEMGRDIPYETQFLLVESNDGSHLESDGANGVECNQKVYTVFLPLIEGSFRSCLQGNVNDEVELCLESGDVDTKRSSFTHSLYIHAGTDPFQTITDAIRTVKLHLNSFRQRHEKKLPGIVDYFGWCTWDAFYQEVTQEGVEAGLKSLAAGGTPPKFVIIDDGWQSVERDATVEAGDEKKESPIFRLTGIKENEKFKKKDDPNVGIKNIVKIAKEKHGLRYVYVWHAITGYWGGVRPGEEYGSVMKYPNMSKGVVENDPTWKTDVMTLQGLGLVSPKKVYKFYNELHSYLADAGVDGVKVAVQCVLETLGGGLGGRVELTRQFHQALDSSVAKNFPDNGCIACMSHNTDALYCSKQAAVIRASDDFYPRDPVSHTIHIASVAYNSVFLGEFMQPDWDMFHSVHPAAEYHASARAISGGPLYVSDSPGKHNFELLRKLVLPDGSILRARLPGRPTRDCLFADPARDGVSLLKIWNMNKYTGVLGVYNCQGAAWSSTERKNIFHQTKTDSLTGSIRGRDVHSISEASTDPTTWNGDCAVYSQSRGELIVMPYNVSLPVSLKIREHEIFTVSPISHLVDGVSFAPIGLVNMYNSGGAIEGLRYEAEKMKVVMEVKGCGKFGSYSSVKPKRCVVESNEIAFEYDSSSGLVTFELDKMPIENKRFHLIQVEL,C,Fruf(b2-1)[Gal(a1-6)]Glc,O1C(O[C@]2(CO)O[C@H](CO)[C@@H](O)[C@@H]2O)[C@H](O)[C@@H](O)[C@H](O)[C@H]1CO[C@H]2O[C@H](CO)[C@H](O)[C@H](O)[C@H]2O,,,,
,7f9g,Thrombocorticin,C0HM62,,1.33,A,MGHHHHHHMTACTTGPQTISFPAGLIVSLNASVQSSRNESVEVKDSNGNTVSRGSGSSSSGGTFTVINMEPPTFISDGNDYTVELSPQATPGILQTESSRVDNGRLIWQNYAFGANDGGCIVGDRDFNDVFVLITGLVRG,C,Fucp,O1C(O)[C@@H](O)[C@H](O)[C@H](O)[C@@H]1C,,,,
,,,,,,,,,,,,,,
,7jnf,F5/8 type C domain protein,A0A0H2YN38,,2.1,A,MGSSHHHHHHSSGLVPRGSHMASQELNTKNNSKVEVSHDDESHQARVSKFDLYNSDKLDAYNQEFQVSRSNIKSINNNGGKYNSSTIDKAIDGNLETHWETGKPNDANFTNEVVVTFNEITNIDRIVYSARRDSARGKGFAKEFEIYASLKDEGDDFNLVSSGEYTESTRDLVEIKFNPTDFKRLKFKFKKADQNWASAAEFMFYKEDKLNEKFNGLFTDSSMNKVSEEFNTLEKLNAFENELKDHPIYDLYKEGLNNARAILTETSENPTKATLGQITYNLNDDYNNQYRMPYKNIKAIKNNGRHYAAQNIEKAIDNDVNTYWETGTLNSSSFNNEVEVEFNDLVTLDRIVYGSRQSDLKGFAEEVYIYASRTSKGDTYKLVATGAHEATKGLVEAKFEPTEFKRVKFKFKKSKQNSATLNELMFYKPDEVYSSIPKLFTDGTMSELS,B,GalNAc,O1C(O)[C@H](NC(C)=O)[C@@H](O)[C@@H](O)[C@H]1CO,,,,
6,7jwf,N/A,N/A,,2.19,A,MGSSHHHHHHSSGLVPRGSHMASNDKVIDVSDFGAIKDTGSDSTHSLYKALQEAKKIGATKITFPKGRYDFYEERAADRLMYISNNDPGIKRITFPLSSFNNLEIDGNNSTFIFHGGLVPFILDESSHIVLRNFSIDFSRAFHSEALIAGAGKGYLDLKFTDQFPYKINEAGILKFQSQLFQASGIKNKDRLKRKQISQDEYKYEYKRVLEFNFALREPEYMAQDIFTGNALRAEKLNGGDVVRIFHPNLKAKVGNILVFQAKHRDYPGVVISDSNNVELHNITIHHAGGMGVIAQRSHNITIKDSKVSPSKGRIVSTTADATHFVNCTGKIKLIDNLFESQKNDATNIHGVYAAIDKIIDDKTVEIKLQHPQQFGFDFIAPEDELELVHGASLITYETNKVVTSTRVSNEVTRVQFIKPFDSRIKEGDSVSKVRSYAEVIIKGNIIRKNRARGMLLNSRGKTLIENNYFHTPGSAILFEGDANFWFEQGGVSDVTIKNNVFENSFYSQWGKGIIAVDAGIDDKFKETSRYNKNIVIKGNTFKVFDKAPILNLFSVSNLVFENNIIEKTTEYPERKKYNSLFVINNSDNITISINNILQGFSEGKSQLLSPTTTYKRAKN,F,Gal(a1-3)Galb,O1[C@@H](O)[C@H](O)[C@@H](O[C@H]2O[C@H](CO)[C@H](O)[C@H](O)[C@H]2O)[C@@H](O)[C@H]1CO,,,,
,,,,,,,,,,,,,,
,,,,,,,,,,,,,,
,,,,,,,,,,,,,,
,7lvy,UDP-glycosyltransferase 203A2,T1K1R5,,1.85,A,MRGSHHHHHHGMASMTGGQQMGRDLYDDDDKDHPFMKIFFIPMDAFGHVNACIGLARMLSEFEHQCIFAVPKRWCKPIEEYNFKVEIVKDPTVPDDQDLQKKNGDFVNRYSHTLSKTPREQFIELLIPSINRDIHYAKIIDGQIPTILESIDPDLIIIDFYVTLPSVVNSGKPWIHLTSCNPLNLYAGPNVPPSCFGLSIDTDPDTVISYKQFIAESMKDVKSDFDEWLVSKGVKPEPFAISKSSPYLNVYSFPSDLDYSEFGPVPDKCFRLDHMVRLVQEDPLGFDEKFFDRPGKKILFSLGSMGAADVELMKRLVGILGKSKHLFIVSKGLFHDKYELPENMIGAKFLNQMAILPRVDLVIHHGGNNTFVESLYFGKPSIVLPLFGDQHDNGRRAEDKKIGRSFRPHHVTEDELLMAIDELLNDKELNNRVLKIGENIRNSKSIDDFNKKIEEIIKVHK,C,Glc,O1C(O)[C@H](O)[C@@H](O)[C@H](O)[C@H]1CO,X,,,
,7mzs,Fimbrial adhesin,A0A2X2BLR9,,1.78,A,MGANDYVPSPITINTSTLPVVVIGPADAHTYPRVIGELTGTSNQYIFNGGSLIALMRGKFTPTLPKIGKITYNFRQGNNTQSSDFDIFDTGVPGLGIIIGMAGYWPATPLVPINSSSIYIDPVAANTNPNAYNGATGSFGARLYVAFVATGRLPNGYVTIPTKQLGHILLESNRASLNNKRLTAPVMLNGGRIQVQSLEHHHHHH,B,Gal,O1C(O)[C@H](O)[C@@H](O)[C@@H](O)[C@H]1CO,,,,
,7p8g,Glucosyl-3-phosphoglycerate synthase,K5B7Z4,,2.13,A,MTLVPDLTATDLARHRWLTDNSWTRPTWTVAELEAAKAGRTISVVLPALNEEETVGGVVETIRPLLGGLVDELIVLDSGSTDDTEIRAMAAGARVISREVALPEVAPQPGKGEVLWRSLAATTGDIIVFIDSDLIDPDPMFVPKLVGPLLLSEGVHLVKGFYRRPLKTSGSEDAHGGGRVTELVARPLLAALRPELTCVLQPLGGEYAGTRELLMSVPFAPGYGVEIGLLVDTYDRLGLDAIAQVNLGVRAHRNRPLTDLAAMSRQVIATLFSRCGVPDSGVGLTQFFADGDGFSPRTSEVSLVDRPPMNTLRGKLAAALEHHHHHH,C,Glc,O1C(O)[C@H](O)[C@@H](O)[C@H](O)[C@H]1CO,,,,
,7pgk,Hedgehog-interacting protein,Q96QV1,,2.75,A,ETGCLNGNPPKRLKRRDRRMMSQLELLSGGEMLCGGFYPRLSCCLRSDSPGLGRLENKIFSVTNNTECGKLLEEIKCALCSPHSQSLFHSPEREVLERDLVLPLLCKDYCKEFFYTCRGHIPGFLQTTADEFCFYYARKDGGLCFPDFPRKQVRGPASNYLDQMEEYDKVEEISGTKHHHHHH,C,HS,C([C@@H]1[C@H]([C@@H]([C@H]([C@H](O1)O[C@]2([C@H]([C@@H]([C@H](O2)COS(=O)(=O)O)OS(=O)(=O)O)OS(=O)(=O)O)COS(=O)(=O)O)OS(=O)(=O)O)OS(=O)(=O)O)OS(=O)(=O)O)OS(=O)(=O)O,X,,,
,7pug,GH115,N/A,,2.66,A,AGDNKGITYEELNPERFTLLEKGTPTNILIDENEDQGVMIAATNLSEDFGRVSGTNAPLIFLPDNERLIIVGTLESRYIKELTENRKIKGDELKGKNEKYLMTVVDNPLPGVKEALIIAGSDKRGAIYGIYELSEQIGVSPWYDWADVPVKPQQNLSIERGSYTADEPAVTYRGIFLNDEAPALTSWVENTYGTKYGDHRFYSRVFELILRLRGNFLWPAMWDWSFYGDDPLNSKTADTMGIIMGTSHHEPMARNHQEWARNRDKYGVWDYTSNQEVIDQFFREGIERVKDTDDLITIGMRGDGDTPMPMGVKEGEDHLPSDEDNMRLLERIIKNQREIIGDVTGESPEKTPQVWAIYKEVQRYFDLGLRPPEDVIILLSDDNWGNVRRLPTEEERDHPGGWGMYYHFDYVGAPRSSKWLNISPIQNIWEQMQLTYDYGVDELWVANVGDLKPMEYPITLFLDMAWDPTRFNAENLLDHTRSFAAQQFGEDQADEAARIINLYSKYNGRVTPEMLDRNTYNLESGEWKKVSDEYIKLEAEALRQYLTLEPEQRDAYKQLILYPVQAMANLYEMYYSQAMNHKLYRENNPMANYWADRVEETFNRDAELSHDYNKVMANGKWDGMMTQKKIGYRSWNDNFPADTLPQIFRIENPEEATGGYVFTARDGVVVIEAEHYFEAKDAEEAKWTVIPYMGRTLSSIALMPYTKEVEGASLSYRMQIPDEVSEVKVHVVVKSTLPFHDPKGHEYRVGFEGGSKEIVNFNWNLNEEPENIYSVFYPTVASRVVKKDVTLDLHDTDDGFYTLTLEPLDPGIVFQKIVVDFGGYEESRLFMEESPNKRIEIE,B,Xyl(b1-4)Xyl(b1-4)Xyl(b1-4)Xyl(b1-4)Xyl(b1-4)Xyl(b1-4)Xylb,O1C[C@@H](O[C@@H]2OC[C@@H](O[C@@H]3OC[C@@H](O[C@@H]4OC[C@@H](O[C@@H]5OC[C@@H](O[C@@H]6OC[C@@H](O[C@@H]7OC[C@@H](O)[C@H](O)[C@H]7O)[C@H](O)[C@H]6O)[C@H](O)[C@H]5O)[C@H](O)[C@H]4O)[C@H](O)[C@H]3O)[C@H](O)[C@H]2O)[C@H](O)[C@@H](O)[C@@H]1O,,,,
,,,,,,,,,,,,,,
,7rft,SAS protein 20,N/A,,1.53,A,GEETDTKIYFDASNLPAEWGTTKTVYCHLYAVAGDDLPETSWQGKAEKCKKDTATGLYYFDTAKLKSADGTNHGGLKDNADYAVIFSTIDTKSQSHQTCNVTLGKPCLGDTIYLTGGTVENTEDSSKRDFAATWKNNSDNYGPKAAITSLGHVTEGRFPIYLSRAEMVAQAIFNWAVKNPKNYTPETVADICAQVEAEPMDVYNAYAEMYATELADPAAYPDCAPLTTVATLLGVDPSG,C,Glc(a1-4)Glc(a1-4)Glca,O1[C@H](O)[C@H](O)[C@@H](O)[C@H](O[C@H]2O[C@H](CO)[C@@H](O[C@H]3O[C@H](CO)[C@@H](O)[C@H](O)[C@H]3O)[C@H](O)[C@H]2O)[C@H]1CO,,,,
13,7rpy,Sca5,Unk,,1.76,A,HHHHHHENLYFQGAADTTYVVAGTTNLTGYEWVGTPDAAPENVMTADGSVFTKTFSAVPAGKNYQLKVVANTGDEQKWIGLDGTDNNVTFDVETACDVTVTFDPATNKITVTGDGVKMVTDLEVNSITVVGNGEDNWLNGVAWGVDAEVNHMTQVSDKVYQIKYENIESADDAYQFKFAANDDWAASWGLPEQSATPIGEEFDLTFNGQNMLLNTVSAGFEEDSLVDVTITLDITNFDYSTRSGAKATVKVEPSTP,B,Glc(a1-4)Glc(a1-4)Glca,O1[C@H](O)[C@H](O)[C@@H](O)[C@H](O[C@H]2O[C@H](CO)[C@@H](O[C@H]3O[C@H](CO)[C@@H](O)[C@H](O)[C@H]3O)[C@H](O)[C@H]2O)[C@H]1CO,,,,
7tem,,,,,,,,,,,,,,
,7toh,SGNH hydrolase,A0A5M4AV20,,1.26,A,MQNKTTASKSWVGTWATAPQLVEPRNMPPAPGLTNSTLRQVVCVSIGGKQLQFRFSNRFSKSPVTMKTVHIAVSKGGSEIEPSTSKELTFNGQPDVTMEPGKAVISDPISFNLKPRMLVAITISFGETSPDVTGHPGSRTTSYLLAGDQSSPDADFSQAVKTDHWYVINGIDLMAQKRAAAIAILGNSITDGRGSGTNKQDRWPDELALRLLKNKRTRDIGVLNMGIGGNCVLHGGLGPTALSRFNRDILKQHGVRWLIIFEGVNDIGGTPDKEAADKVAQGLIAAYDKMIDEAHAKGIKVYGGTITPIKKSFYYKDYRETARQTVNKWIRTSGHFDAVIDFDKAMRNPKDTLTLRPEAQSGDYLHPNELGYRIMAGAIDLSLFKE,C,GlcA4Me(a1-2)Xylb,CO[C@H]1[C@@H]([C@H]([C@H](O[C@@H]1C(=O)O)O[C@@H]2[C@H]([C@@H](CO[C@H]2O)O)O)O)O,,,,
,7tvp,Ciral AMG chitosanase,Unk,,1.3,A,HMSELSEIDSVAGVTIYSVDGEPKSFVYKAGFAIDADGAPNAYAPNNGGTDFTANGGDDQGGDWWGGPVDAEGYPIKQKIFDPFPGYYVSATAHFNPAYSEDSPYRYIDSNSIPFIVLPGNHSNGAKLGDVALVYNEKTGDNCYAIYGDVGPSSKIGQGSVRLAQALKIDDNPKAGGTESRIVVTLVFPGSVGKWETPKRWFSHANQLTKAWGGLSRLKTLSDQL,B,GlcNAc(b1-4)GlcNAc(b1-4)GlcNAc(b1-4)GlcNAc(b1-4)GlcNAc,O1C(O)[C@H](NC(C)=O)[C@@H](O)[C@H](O[C@@H]2O[C@H](CO)[C@@H](O[C@@H]3O[C@H](CO)[C@@H](O[C@@H]4O[C@H](CO)[C@@H](O[C@@H]5O[C@H](CO)[C@@H](O)[C@H](O)[C@H]5NC(C)=O)[C@H](O)[C@H]4NC(C)=O)[C@H](O)[C@H]3NC(C)=O)[C@H](O)[C@H]2NC(C)=O)[C@H]1CO,,,,
7u1y,binds phospho-Fru,,,,,,,,,,,,,
,,,,,,,,,,,,,,
,,,,,,,,,,,,,,
,,,,,,,,,,,,,,
,,,,,,,,,,,,,,
,7vu1,Chitoporin,P75733,,1.9,A,EGFIDDSTLTGGIYYWQRERDRKDVTDGDKYKTNLSHSTWNANLDFQSGYAADMFGLDIAAFTAIEMAENGDSSHPNEIAFSKSNKAYDEDWSGDKSGISLYKAAAKFKYGPVWARAGYIQPTGQTLLAPHWSFMPGTYQGAEAGANFDYGDAGALSFSYMWTNEYKAPWHLEMDEFYQNDKTTKVDYLHSFGAKYDFKNNFVLEAAFGQAEGYIDQYFAKASYKFDIAGSPLTTSYQFYGTRDKVDDRSVNDLYDGTAWLQALTFGYRAADVVDLRLEGTWVKADGQQGYFLQRMTPTYASSNGRLDIWWDNRSDFNANGEKAVFFGAMYDLKNWNLPGFAIGASYVYAWDAKPATWQSNPDAYYDKNRTIEESAYSLDAVYTIQDGRAKGTMFKLHFTEYDNHSDIPSWGGGYGNIFQDERDVKFMVIAPFTIF,C,GlcNAc(b1-4)GlcNAc(b1-4)GlcNAc(b1-4)GlcNAc(b1-4)GlcNAc(b1-4)GlcNAc(b1-4)GlcNAc,O1C(O)[C@H](NC(C)=O)[C@@H](O)[C@H](O[C@@H]2O[C@H](CO)[C@@H](O[C@@H]3O[C@H](CO)[C@@H](O[C@@H]4O[C@H](CO)[C@@H](O[C@@H]5O[C@H](CO)[C@@H](O[C@@H]6O[C@H](CO)[C@@H](O[C@@H]7O[C@H](CO)[C@@H](O)[C@H](O)[C@H]7NC(C)=O)[C@H](O)[C@H]6NC(C)=O)[C@H](O)[C@H]5NC(C)=O)[C@H](O)[C@H]4NC(C)=O)[C@H](O)[C@H]3NC(C)=O)[C@H](O)[C@H]2NC(C)=O)[C@H]1CO,,,,
,7vwb,17 kDa phloem lectin,Q8LK69,,1.9,A,MAGQSTHYLAFPRASTITWGDDTRYWSWATVDFCSYAIEEARLLQVSWLDCRWSMDASDFKQDIWYNASVEVMLTSNASGWNVPLHLEIELPDGSKQESQIVLAGRQPNVWFKIPIGKFILRGSLTSGTIRFGFYNHEGNWKRGLNIRILAIQA,C,Gal(b1-4)GlcNAca,O1[C@H](O)[C@H](NC(C)=O)[C@@H](O)[C@H](O[C@@H]2O[C@H](CO)[C@H](O)[C@H](O)[C@H]2O)[C@H]1CO,,,,
18,7w18,Alginate lyase,D2KX85,,1.7,A,MMRFAIAAALGALLAVAAAPAAVAAARRPPWDIARFRPALRVAKLQAPDSVQRKDVRSFPNFQADHFYSENRDMVFVMGGDSQRSELRFLDEWSVRTSSTRRMVGVLTLPTPLRGMKHFTWMQVAGGSKGKKPLLRLSWHDKREQGGKDLRNTMLATVRLNNKSGDAGRFKKIVLGTRPSGRFVADVRVERSRLTVRLNGRKLVDEDVGYWTYSTNYFKAGVAVQEGSPDARVVFHGLTVS,B,Man(b1-4)Man(b1-4)Man(b1-4)Man(b1-4)Man(b1-4)Man(b1-4)Manb,O1[C@@H](O)[C@@H](O)[C@@H](O)[C@H](O[C@@H]2O[C@H](CO)[C@@H](O[C@@H]3O[C@H](CO)[C@@H](O[C@@H]4O[C@H](CO)[C@@H](O[C@@H]5O[C@H](CO)[C@@H](O[C@@H]6O[C@H](CO)[C@@H](O[C@@H]7O[C@H](CO)[C@@H](O)[C@H](O)[C@@H]7O)[C@H](O)[C@@H]6O)[C@H](O)[C@@H]5O)[C@H](O)[C@@H]4O)[C@H](O)[C@@H]3O)[C@H](O)[C@@H]2O)[C@H]1CO,,,,
,,,,,,,,,,,,,,
,,,,,,,,,,,,,,
,,,,,,,,,,,,,,
,7xtn,"Alpha-1,3-mannosyl-glycoprotein 4-beta-N-acetylglucosaminyltransferase A-like isoform X1",A0A6J2K041,,1.15,A,MGSSHHHHHHSSGLVPRGSHMQSYFPHQNPPAQKITTTIEDYYQHSIQNAYEGIDFFWGKKPKKGDTLEFWYGRPLQIKRVTFRSGNAEHITDQFYNTVVEVLPAFGDNNFTTILHFDEFGLADGDVEEEFSLVKAIRLRVNADSKYWVILSEIYIQTPDEKKT,C,GlcNAc,O1C(O)[C@H](NC(C)=O)[C@@H](O)[C@H](O)[C@H]1CO,,,,
,7ywf,Dirigent protein,Q306J3,,2.6,A,GSHMLESKLQITPCGMLVQGNQINFTKLYLHHTPAGPEQNQSAVTSNDKKIGLGCIVVNNWSVYDGIGSDAKLVAYAKGLHVFAGAWHNSFSLVFEDERLKGSTLQVMGLIVEEGDWAIVGGTGQFAMATGVILKKMQEQKQYGNIIELTIHGFCPLLKGS,D,Gal(a1-3)Galb,O1[C@@H](O)[C@H](O)[C@@H](O[C@H]2O[C@H](CO)[C@H](O)[C@H](O)[C@H]2O)[C@@H](O)[C@H]1CO,,,,
,,,,,,,,,,,,,,
?,7zoo,Glycoside hydrolase family 18,A0A979GQH9,,1.84,B,MASMTGGQQMGRGSKTIWLQGFNSKYVNSRNGQGAMWCDSDTPQAWELFTVIDAGNGKIALRGNNGLYVSSENGEQAMTCNRPAINGWEVFDWISNSDGSVSLRGSNGMYVSSENGEQAITCNRPAIDGWERFNWAAATLEHHHHHH,E,Glcb,O1[C@@H](O)[C@H](O)[C@@H](O)[C@H](O)[C@H]1CO,,,,
?,8axs,Unk,Unk,,1.3,A,MAPVPEPEVVATPPADAGRGLIRVDSREIRHYSGTRKEPDYLVSRDNGKTWEMKAAPAGYPPNYGGIPKESPAIVRNPLTREFIRVQPIGGFVFLSRGGLDGKWLAVTNDGKLEEDWKDPEKRKNLKKLGGIMRTPVFVNKGRRVIVPFHNMGGGTKFHISDDGGLTWHVSRNGVTSPRHEARPPHQGVRWFNNAVEATVLEMKDGTLWALARTSQDQAWQAFSKDYGETWSKPEPSRFFGTLTMNTLGRLDDGTIVSLWTNTMALPENATAGNGTWEDVFTNRDSHHIAMSGDEGKTWYGFREIILDEHRNHPGYATLDGPEDRGKHQSEMVQLDKNRILISLGQHKNHRRLVIVDRRWVGAKTRATQTGKDLDSQWTIHTYIPQKKGHCSYNRKPSAELVQDPSGGTKKVLQIKRLDDPELVNEKSNVDYRNGGATWNFPNGTTGLVKFRFRVVDGEQADDSGLQVSLTDRLFNACDSTTKDYALFTFPIRLKPAPHLLLGMKKVPFTPGAWHEISLLWQGGQAVVSLDGKKAGTLKMANKSPNGASYIHFISTGSQPDAGILLDTVNARVKAAAA,C,Neu5Ac,O1[C@@H]([C@H](O)[C@H](O)CO)[C@H](NC(C)=O)[C@@H](O)CC1(O)C(=O)O,,,,
,8bf3,feruloyl esterase wtsFae1B,A0A5S8WFA0,,,A,QVTPRPEAAPGARPGFRAPARIISPEIMPDNKVTFRVYSKDASKVTITGEWQTGPGGVEELVKNDTGMFSITVGPLKPELYAYNFTVDGVKALDANNVQVRRDGTNYQNFFIIPGPESDLYFHKNNVPHGTVTKVWYKSSVIGFDRRMYVYTPAGYEGDTQRYPVFYLLHGAGGDEDAWTNMGRTAQIMDNLIAQGKAKPMIVVMTNGNANQAGAQNEVPPVPVTQGQQGIPSGSGMTGKFEEHLVKDVVPFIEKNFRALTGKDNRAIAGLSMGGGHTQTITNDNPGMFSYIGVFSMGIMAGRQQGADAEKIEKERDAKIEALKKSGYKLYWIACGKDDFVYQSALTLRNTLDKHNFKYVYRESTGGHTWANWRIYLSEFAPMLFKLL,C,Xyl(b1-4)Xylb,O1C[C@@H](O[C@@H]2OC[C@@H](O)[C@H](O)[C@H]2O)[C@H](O)[C@@H](O)[C@@H]1O,,,,
3 body,8csf,WbbB D232C-Kdo adduct,Q6U8B0,,,A,MGLAVFLPPYPFRGLKAPYLWMFYKYLHCATDSILFITGEDYLSVTDDEAQRARWEFDPASMASLGYELPNAQSMACHEYLTLDNAFYETLLSRHHHDPIKSFSAFLTERIPDLETELHALLDSKKGIIDQIDTFISICNCPSLEHVARTLGKEVMHIEIGPLRAPMYRNTAYLDFAGVNGGTEASARYEKCQAEFDIKASLGDLHNYFLEVLPPAEAATHSAAGVVLQVEDCSNLIAYNHDFTNISLLSYVRQRYEKEDILVRAHPGSLFRLRDDVFTIDDSANSLAFINQCNEVFTINSSVGLEAILTGKKTTVLGDCSYAFINELAGASATVNAAAFYLFSYLVPFDLVFNQEYLKFRLGHPEEREIVGKHIEFYSADMPGSLSQAAHSLSSLINEAISLEHHHHHH,C,Rha(a1-3)GlcNAcb,O1[C@@H](O)[C@H](NC(C)=O)[C@@H](O[C@@H]2O[C@@H](C)[C@H](O)[C@@H](O)[C@H]2O)[C@H](O)[C@H]1CO,,,,
8d0x,8d0w,Fucosyltransferase,Q9Y231,,,A,GSPMESASSVLKMKNFFSTKTDYFNETTILVWVWPFGQTFDLTSCQAMFNIQGCHLTTDRSLYNKSHAVLIHHRDISWDLTNLPQQARPPFQKWIWMNLESPTHTPQKSGIEHLFNLTLTYRRDSDIQVPYGFLTVSTNPFVFEVPSKEKLVCWVVSNWNPEHARVKYYNELSKSIEIHTYGQAFGEYVNDKNLIPTISACKFYLSFENSIHKDYITEKLYNAFLAGSVPVVLGPSRENYENYIPADSFIHVEDYNSPSELAKYLKEVDKNNKLYLSYFNWRKDFTVNLPRFWESHACLACDHVKRHQEYKSVGNLEKWFWN,C,Fucp(a1-2)Gal(b1-4)GlcNAcb,O1[C@@H](O)[C@H](NC(C)=O)[C@@H](O)[C@H](O[C@@H]2O[C@H](CO)[C@H](O)[C@H](O)[C@H]2O[C@@H]3O[C@@H](C)[C@@H](O)[C@@H](O)[C@@H]3O)[C@H]1CO,,UDP,C1=CN(C(=O)NC1=O)[C@H]2[C@@H]([C@@H]([C@H](O2)COP(=O)([O-])OP(=O)([O-])[O-])O)O,
,8dzd,Secreted protein,A0QY10,,,A,ADATDDYPIPNRIMRTPCTAEQIMAAARDVEPVYYERYMTDYKNKPPHVQQAARDRIHWFFSMDYAGRRQYSENTATDAFFEQLAWMWPNWAKLFFNNKGVAANTTDVCEQYPPDDMSVWNWDDDDK,C,Fru(b2-1)Glca,O1[C@H](O[C@]2(CO)OC[C@@H](O)[C@@H](O)[C@@H]2O)[C@H](O)[C@@H](O)[C@H](O)[C@H]1CO,,,,
,8edi,Netrin receptor unc-5,Q26261,,,A,ADPGMDEITITTQPKSGYVIRNKPLRLQCRANHATKIRYKCSSKWIDDSRIEKLIGTDSTSGVGYIDASVDISRIDVDTSGHVDAFQCQCYASGDDDQDVVASDVATVHLAYMRKHFLKSPVAQRVQEGTTLQLPCQAPESDPKAELTWYKDGVVVQPDANVIRASDGSLIMSAARLSDSGNYTCEATNVANSRKTDPVEVQIYHHHHHH,E,Heparin_analog,C1=C(O[C@H]([C@@H]([C@H]1O)OS(=O)(=O)O)O[C@@H]2[C@H](O[C@@H]([C@@H]([C@H]2O)NS(=O)(=O)O)O[C@H]3[C@@H]([C@H]([C@@H](O[C@H]3C(=O)O)O[C@@H]4[C@H](O[C@@H]([C@@H]([C@H]4O)NS(=O)(=O)O)O)COS(=O)(=O)O)OS(=O)(=O)O)O)COS(=O)(=O)O)C(=O)O,,,,
,8ic1,endo-alpha-D-arabinanase mutant,NA,,,A,MTTSRTPATVVEKLTGPDAPNNTWGRWDIKATDLGIMWDDGAGHVLTAFGNTFGNSWTGPGGGAPPNGNWRSNVLVRSSDGDLADGMLFDWAAQGPQGVAREIIPSKKINGVEITTIPTTGISVGKRQYLGFMSVKQWGPPGVWDTNFAGIAYSDDGGGTWKVSDTRWENADGHDPFQMQAWVQKGGTIYVFGTQNGRNGPASVAKVPASKLLDKSAFRYWNGTDWSRKESDAVPVMDAPMSEMSVQYDAYSKRFLMMTLSGEDIIMRTATAPEGPWTPAQTVASSTDYPALYGGYFHPWNKDGEIYFTMSQWNPYNVYLMRLRIDRDGNIIDPNLVTDASFERSTTLGDGTNGTWAAKPNSGIDNAPAAGFTGDHRAFVRYNSGWRDIWQDVAVERGAKYRLTGFLRTSVNSDNGFFGARTLDGVPIGEINFHSVGAWTRFTVEFDAGDRDAVQVFGGVWTNSGDIWMQLDDVSLTKVRLEHHHHHH,F,Araf(a1-5)Araf(a1-5)Araf(a1-5)Araf(a1-5)Araf(a1-5)Araf(a1-5)Araf,O1C(O)[C@H](O)[C@@H](O)[C@@H]1CO[C@@H]2O[C@@H](CO[C@@H]3O[C@@H](CO[C@@H]4O[C@@H](CO[C@@H]5O[C@@H](CO[C@@H]6O[C@@H](CO[C@@H]7O[C@@H](CO)[C@H](O)[C@H]7O)[C@H](O)[C@H]6O)[C@H](O)[C@H]5O)[C@H](O)[C@H]4O)[C@H](O)[C@H]3O)[C@H](O)[C@H]2O,x,,,
3 body,8inp,glycosyltransferase,NA,,,A,,C,Glc,O1C(O)[C@H](O)[C@@H](O)[C@H](O)[C@H]1CO,,UDP,B,C1=CN(C(=O)NC1=O)[C@H]2[C@@H]([C@@H]([C@H](O2)COP(=O)([O-])OP(=O)([O-])[O-])O)O
,8ped,alginate lyase,A0A7I9C8Z1,,,A,EFLTAVSSIDTFLPVLNEAKLQWPTSALAASSEELLGGYVGSQFYLQDGKYMQFQIAGSSNRCELRQMIPDGGSEIGWAVDDGTTHTATSSIVVPEQVDGVEEVTIMQIHSGEAPQLRISWIRSKSLDGVAYEDFIMSTVRIGTGDSSDNFVKTHLADRTAGAMSFQIDVKDSKLTITVNGNVVVNGQDLSFWDGTDSCYFKAGAYNNNPTSESATARIKFAALAWVDHHHHHH,B,Man(b1-4)Man(b1-4)Man(b1-4)Man(b1-4)Man(b1-4)Man(b1-4)Man(b1-4)Man(b1-4)Man(b1-4)Manb,O1[C@@H](O)[C@@H](O)[C@@H](O)[C@H](O[C@@H]2O[C@H](CO)[C@@H](O[C@@H]3O[C@H](CO)[C@@H](O[C@@H]4O[C@H](CO)[C@@H](O[C@@H]5O[C@H](CO)[C@@H](O[C@@H]6O[C@H](CO)[C@@H](O[C@@H]7O[C@H](CO)[C@@H](O[C@@H]8O[C@H](CO)[C@@H](O[C@@H]9O[C@H](CO)[C@@H](O[C@@H]%10O[C@H](CO)[C@@H](O)[C@H](O)[C@@H]%10O)[C@H](O)[C@@H]9O)[C@H](O)[C@@H]8O)[C@H](O)[C@@H]7O)[C@H](O)[C@@H]6O)[C@H](O)[C@@H]5O)[C@H](O)[C@@H]4O)[C@H](O)[C@@H]3O)[C@H](O)[C@@H]2O)[C@H]1CO,,,C,